{"brick":[{"brickx":0,"bricky":0},{"brickx":0,"bricky":50},{"brickx":0,"bricky":100},{"brickx":0,"bricky":150},{"brickx":0,"bricky":250},{"brickx":0,"bricky":200},{"brickx":0,"bricky":300},{"brickx":0,"bricky":400},{"brickx":0,"bricky":350},{"brickx":0,"bricky":450},{"brickx":50,"bricky":450},{"brickx":100,"bricky":450},{"brickx":100,"bricky":400},{"brickx":150,"bricky":400},{"brickx":150,"bricky":350},{"brickx":200,"bricky":350},{"brickx":200,"bricky":400},{"brickx":350,"bricky":350},{"brickx":350,"bricky":400},{"brickx":400,"bricky":400},{"brickx":400,"bricky":350},{"brickx":450,"bricky":350},{"brickx":450,"bricky":400},{"brickx":550,"bricky":350},{"brickx":550,"bricky":400},{"brickx":600,"bricky":400},{"brickx":600,"bricky":350},{"brickx":650,"bricky":350},{"brickx":650,"bricky":400},{"brickx":650,"bricky":150},{"brickx":650,"bricky":100},{"brickx":650,"bricky":50},{"brickx":650,"bricky":0},{"brickx":250,"bricky":250},{"brickx":300,"bricky":250},{"brickx":500,"bricky":250},{"brickx":350,"bricky":150},{"brickx":400,"bricky":150},{"brickx":450,"bricky":150},{"brickx":700,"bricky":0},{"brickx":700,"bricky":50},{"brickx":700,"bricky":450},{"brickx":700,"bricky":400},{"brickx":700,"bricky":100},{"brickx":700,"bricky":150},{"brickx":750,"bricky":0},{"brickx":800,"bricky":0},{"brickx":850,"bricky":0},{"brickx":900,"bricky":0},{"brickx":1000,"bricky":0},{"brickx":950,"bricky":0},{"brickx":1050,"bricky":0},{"brickx":1100,"bricky":0},{"brickx":1150,"bricky":0},{"brickx":1200,"bricky":0},{"brickx":1300,"bricky":0},{"brickx":1250,"bricky":0},{"brickx":1350,"bricky":0},{"brickx":1350,"bricky":50},{"brickx":1350,"bricky":100},{"brickx":1350,"bricky":200},{"brickx":1350,"bricky":150},{"brickx":1350,"bricky":250},{"brickx":1350,"bricky":300},{"brickx":1350,"bricky":400},{"brickx":1350,"bricky":350},{"brickx":1350,"bricky":450},{"brickx":1300,"bricky":450},{"brickx":1250,"bricky":450},{"brickx":1150,"bricky":450},{"brickx":1100,"bricky":450},{"brickx":1050,"bricky":450},{"brickx":1000,"bricky":450},{"brickx":950,"bricky":450},{"brickx":900,"bricky":450},{"brickx":900,"bricky":400},{"brickx":950,"bricky":400},{"brickx":1100,"bricky":400},{"brickx":1150,"bricky":400},{"brickx":1000,"bricky":250},{"brickx":1050,"bricky":250},{"brickx":700,"bricky":500},{"brickx":700,"bricky":550},{"brickx":700,"bricky":600},{"brickx":700,"bricky":650},{"brickx":700,"bricky":700},{"brickx":700,"bricky":750},{"brickx":700,"bricky":950},{"brickx":750,"bricky":950},{"brickx":850,"bricky":700},{"brickx":950,"bricky":700},{"brickx":900,"bricky":700},{"brickx":1000,"bricky":700},{"brickx":1050,"bricky":700},{"brickx":1100,"bricky":700},{"brickx":1150,"bricky":700},{"brickx":1200,"bricky":700},{"brickx":1200,"bricky":950},{"brickx":1150,"bricky":950},{"brickx":1100,"bricky":950},{"brickx":1050,"bricky":950},{"brickx":950,"bricky":950},{"brickx":1000,"bricky":950},{"brickx":850,"bricky":950},{"brickx":800,"bricky":950},{"brickx":900,"bricky":950},{"brickx":1250,"bricky":950},{"brickx":1300,"bricky":950},{"brickx":1350,"bricky":950},{"brickx":1350,"bricky":900},{"brickx":1350,"bricky":850},{"brickx":1350,"bricky":800},{"brickx":1350,"bricky":750},{"brickx":1350,"bricky":650},{"brickx":1350,"bricky":700},{"brickx":1350,"bricky":600},{"brickx":1350,"bricky":550},{"brickx":1350,"bricky":500},{"brickx":1300,"bricky":500},{"brickx":0,"bricky":950},{"brickx":0,"bricky":850},{"brickx":0,"bricky":900},{"brickx":0,"bricky":800},{"brickx":0,"bricky":750},{"brickx":0,"bricky":700},{"brickx":0,"bricky":650},{"brickx":0,"bricky":600},{"brickx":0,"bricky":550},{"brickx":50,"bricky":950},{"brickx":150,"bricky":950},{"brickx":200,"bricky":950},{"brickx":250,"bricky":950},{"brickx":400,"bricky":950},{"brickx":350,"bricky":950},{"brickx":450,"bricky":950},{"brickx":550,"bricky":950},{"brickx":600,"bricky":950},{"brickx":650,"bricky":750},{"brickx":650,"bricky":650},{"brickx":650,"bricky":700},{"brickx":650,"bricky":600},{"brickx":650,"bricky":500},{"brickx":650,"bricky":550},{"brickx":0,"bricky":500},{"brickx":450,"bricky":600},{"brickx":250,"bricky":600},{"brickx":150,"bricky":700},{"brickx":200,"bricky":750},{"brickx":250,"bricky":800},{"brickx":300,"bricky":800},{"brickx":400,"bricky":800},{"brickx":350,"bricky":800},{"brickx":450,"bricky":800},{"brickx":500,"bricky":750},{"brickx":550,"bricky":700},{"brickx":350,"bricky":450},{"brickx":400,"bricky":450},{"brickx":450,"bricky":450},{"brickx":550,"bricky":450},{"brickx":600,"bricky":450},{"brickx":650,"bricky":450}]}